{"tickers": ["AAPL", "MSFT", "GOOGL"], "weights": {"EW": {"AAPL": 0.3333333333333333, "MSFT": 0.3333333333333333, "GOOGL": 0.3333333333333333}, "RP": {"AAPL": 0.3308964009910059, "MSFT": 0.34825106013075374, "GOOGL": 0.3208525388782404}, "MVO": {"AAPL": 0.3689594245369606, "MSFT": 0.0, "GOOGL": 0.6310405754630394}, "HRP": {"AAPL": 0.27257366417447026, "MSFT": 0.30024992464737876, "GOOGL": 0.42717641117815097}}, "perf_metrics": [{"method": "Equal Weight (EW)", "expected_annual_return_pct": 25.910772422626327, "expected_annual_vol_pct": 27.210622353692177, "sharpe_ratio": 0.9522300550803288}, {"method": "Risk Parity (RP)", "expected_annual_return_pct": 25.74711416097933, "expected_annual_vol_pct": 27.18866158661199, "sharpe_ratio": 0.9469798312417668}, {"method": "Mean-Variance (MVO)", "expected_annual_return_pct": 29.659053473697373, "expected_annual_vol_pct": 28.91685028603353, "sharpe_ratio": 1.0256668060429222}, {"method": "Hierarchical RP (HRP)", "expected_annual_return_pct": 26.594842050967255, "expected_annual_vol_pct": 27.41737831114117, "sharpe_ratio": 0.9699994561537025}]}